{
    "id": "4",
    "branch": "CHA",
    "station_code_7_digits": "CHA0009",
    "station_code": "CHA0009",
    "group": "CHA_T2",
    "station_type": "Macro",
    "room_type_in_station": "2",
    "cb_edc": "1",
    "electrical_network": "1",
    "cable_type_from_meter_to_station": "1",
    "cable_size_used": "1",
    "has_cb_before_station": "1",
    "cb_power_before_station": "2",
    "distance_meter_to_station": "2",
    "is_station_low_voltage": "1",
    "can_connect_to_3p": "1",
    "distance_to_3p_connection_point": "1",
    "ac1_unit_type": "2",
    "ac1_unused_cb": "2",
    "ac2_unit_type": "2",
    "ac2_unused_cb": "2",
    "number_of_dc_units": "2",
    "dc1_unused_cb": "2",
    "dc1_space_for_additional_cb": "1",
    "dc1_additional_cb": "2",
    "dc1_reason_for_not_installing_cb": "2",
    "dc2_unused_cb": "2",
    "dc2_space_for_additional_cb": "2",
    "dc2_additional_cb": "2",
    "dc2_reason_for_not_installing_cb": "3",
    "space_for_additional_dc_power": "2",
    "reason_for_not_installing_dc": "2",
    "can_install_outdoor_units": "2",
    "reason_for_not_installing_outdoor_units": "2",
    "outdoor_battery_rack_model": "2",
    "number_of_batteries_in_rack": "2",
    "can_install_additional_outdoor_battery_units": "1",
    "reason_for_not_installing_outdoor_battery_units": "2",
    "engine_generator_in_use": "1",
    "station_uses_generator": "2",
    "generator_power": "2",
    "cable_size_for_generator": "2",
    "generator_type_in_use": "1",
    "can_install_generator": "1",
    "electrical_cable_plan": "2",
    "reason_for_not_installing_generator": "1",
    "request_to_build_generator_room": "2",
    "requested_height_for_flood_proof_room": "2",
    "has_additional_oil_tank_installed": "1",
    "can_transport_generator_to_station": "2",
    "has_ats": "1",
    "ats_type_in_use": "1",
    "ats_current_location": "2",
    "request_to_install_ats": "1",
    "requested_ats_type": "1",
    "distance_from_ats_gen_power_control_cables": "2",
    "ats_installation_location": "2",
    "number_of_19_racks": "2",
    "has_space_for_additional_4g_bbu": "2",
    "additional_4g_bbu_capacity": "2",
    "has_space_for_additional_19_racks": "1",
    "additional_19_racks_capacity": "2",
    "reason_for_not_installing_19_racks": "2",
    "number_of_dcdu_at_station": "2",
    "has_space_for_additional_dcdu": "2",
    "additional_dcdu_capacity": "2",
    "reason_for_not_installing_additional_dcdu": "1",
    "uses_mini_dc_unit_in_rru": "1",
    "can_install_batteries_in_mini_dc_rru": "1",
    "reason_for_not_installing_batteries_in_rru": "5",
    "email": "staff@gmail.com",
    "station_name": "CHA0009",
    "cb_edc_img": [
        "https:\/\/drive.google.com\/file\/d\/1yV-4FhLB1ihCwWrxN6y373k2wgOqRfmR\/view"
    ],
    "cable_size_used_img": [
        "https:\/\/drive.google.com\/file\/d\/1pmgeclDiWjv06WJrLRn6SsGep4THif8C\/view"
    ],
    "cb_power_before_station_img": [
        "https:\/\/drive.google.com\/file\/d\/19k8cqDWhusvxO0cfMjgCf1LzipE7wU0n\/view"
    ],
    "ac1_unit_type_img": [
        "https:\/\/drive.google.com\/file\/d\/1nZmGOtgTaba4LZprrMhPfdUlS7Ov4395\/view"
    ],
    "ac2_unit_type_img": [
        "https:\/\/drive.google.com\/file\/d\/1J0LonH5qTZIAgQy3LHBRdWgxMomTb_Ov\/view"
    ],
    "dc1_unused_cb_img": [
        "https:\/\/drive.google.com\/file\/d\/1T4512Cn9o_2nm5MIHoFd73McRofs48pq\/view"
    ],
    "dc2_unused_cb_img": [
        "https:\/\/drive.google.com\/file\/d\/1T4512Cn9o_2nm5MIHoFd73McRofs48pq\/view"
    ],
    "space_for_additional_dc_power_img": [
        "https:\/\/drive.google.com\/file\/d\/1qqwFlAauDszkri7zNikNsiZjMHkuEBfJ\/view"
    ],
    "can_install_outdoor_units_img": [
        "https:\/\/drive.google.com\/file\/d\/10OQje3vD8MyKezCkpTiUK_wLSXKvM_qN\/view"
    ],
    "outdoor_battery_rack_model_img": [
        "https:\/\/drive.google.com\/file\/d\/1ijqETwhr7rof9QN2RIGstRsxeWNXkDgg\/view"
    ],
    "number_of_batteries_in_rack_img": [
        "https:\/\/drive.google.com\/file\/d\/1yGA9jBD18dFDJPw-SSTF0ZB-JcS7PQts\/view"
    ],
    "engine_generator_in_use_img": [
        "https:\/\/drive.google.com\/file\/d\/1krQK9Diut5eEJw_VwDpi8QWCqaduKqZQ\/view"
    ],
    "generator_type_in_use_img": [
        "https:\/\/drive.google.com\/file\/d\/1EOZ_SX2-kbxeqE5WpY3F9Yd6nPEBl4y0\/view"
    ],
    "number_of_19_racks_img": [
        "https:\/\/drive.google.com\/file\/d\/1-i8Td0snpSajm1UtzXdBWcw8B5d9eP8O\/view"
    ],
    "has_space_for_additional_4g_bbu_img": [
        "https:\/\/drive.google.com\/file\/d\/1rIp-_DyZSahBSSGc9lR8rfCIgJAWklbN\/view"
    ],
    "has_space_for_additional_19_racks_img": [
        "https:\/\/drive.google.com\/file\/d\/1qzloJbAsGC5hohSraIalxJqIvoH9atuI\/view"
    ],
    "number_of_dcdu_at_station_img": [
        "https:\/\/drive.google.com\/file\/d\/1g6hGlfcZowAibTwgznnagKPtXq8OZ9Zg\/view"
    ],
    "has_space_for_additional_dcdu_img": [
        "https:\/\/drive.google.com\/file\/d\/1MEBE01ja_gUOZrSLx8uHapMyRJemwBKJ\/view"
    ],
    "created_at": "2024-12-01 05:07:56",
    "updated_at": "2024-12-01 05:07:56",
    "status": "updated"
}