{
    "id": "2",
    "branch": "CHA",
    "station_code_7_digits": "CHA0007",
    "station_code": "CHA0007",
    "group": "CHA_T3",
    "station_type": "Macro",
    "room_type_in_station": "BAT",
    "cb_edc": "1",
    "electrical_network": "1",
    "cable_type_from_meter_to_station": "1",
    "cable_size_used": "1",
    "has_cb_before_station": "1",
    "cb_power_before_station": "1",
    "distance_meter_to_station": "12",
    "is_station_low_voltage": "1",
    "can_connect_to_3p": "2",
    "distance_to_3p_connection_point": "12",
    "ac1_unit_type": "1",
    "ac1_unused_cb": "12",
    "ac2_unit_type": "1",
    "ac2_unused_cb": "12",
    "number_of_dc_units": "3",
    "dc1_unused_cb": "12",
    "dc1_space_for_additional_cb": "1",
    "dc1_additional_cb": "12",
    "dc1_reason_for_not_installing_cb": "1",
    "dc2_unused_cb": "12",
    "dc2_space_for_additional_cb": "2",
    "dc2_additional_cb": "12",
    "dc2_reason_for_not_installing_cb": "1",
    "dc3_unused_cb": "12",
    "dc3_space_for_additional_cb": "1",
    "dc3_additional_cb": "12",
    "dc3_reason_for_not_installing_cb": "2",
    "space_for_additional_dc_power": "1",
    "reason_for_not_installing_dc": "12",
    "can_install_outdoor_units": "12",
    "reason_for_not_installing_outdoor_units": "4",
    "outdoor_battery_rack_model": "0",
    "number_of_batteries_in_rack": "2",
    "can_install_additional_outdoor_battery_units": "1",
    "reason_for_not_installing_outdoor_battery_units": "1",
    "engine_generator_in_use": "2",
    "station_uses_generator": "1",
    "generator_power": "12",
    "cable_size_for_generator": "2",
    "generator_type_in_use": "1",
    "can_install_generator": "1",
    "electrical_cable_plan": "1",
    "reason_for_not_installing_generator": "1",
    "request_to_build_generator_room": "2",
    "requested_height_for_flood_proof_room": "12",
    "has_additional_oil_tank_installed": "1",
    "can_transport_generator_to_station": "1",
    "has_ats": "1",
    "ats_type_in_use": "2",
    "ats_current_location": "1",
    "request_to_install_ats": "1",
    "requested_ats_type": "1",
    "distance_from_ats_gen_power_control_cables": "12",
    "ats_installation_location": "1",
    "number_of_19_racks": "12",
    "has_space_for_additional_4g_bbu": "1",
    "additional_4g_bbu_capacity": "12",
    "has_space_for_additional_19_racks": "1",
    "additional_19_racks_capacity": "12",
    "reason_for_not_installing_19_racks": "1",
    "number_of_dcdu_at_station": "12",
    "has_space_for_additional_dcdu": "2",
    "additional_dcdu_capacity": "12",
    "reason_for_not_installing_additional_dcdu": "1",
    "uses_mini_dc_unit_in_rru": "1",
    "can_install_batteries_in_mini_dc_rru": "1",
    "reason_for_not_installing_batteries_in_rru": "4",
    "station_name": "CHA0007",
    "cb_edc_img": [
        "https:\/\/drive.google.com\/file\/d\/1V5Sfkp0Pvt2INDHh2z1uheG8nTF2dikM\/view"
    ],
    "cable_size_used_img": [
        "https:\/\/drive.google.com\/file\/d\/1eb2aDk7Uk1ASAL2PkpCMHj2zWlllzLq-\/view",
        "https:\/\/drive.google.com\/file\/d\/1uRLptR81haDi4A9Bl_j9qIi8r9GbZ4Wg\/view"
    ],
    "cb_power_before_station_img": [
        "https:\/\/drive.google.com\/file\/d\/18uswVPHos4wxu9Bb7RyMDPgJgnaRloAk\/view"
    ],
    "ac1_unit_type_img": [
        "https:\/\/drive.google.com\/file\/d\/1I_8NIKmMGjpsT1Q624DQidhvdp4QeZ5L\/view"
    ],
    "ac2_unit_type_img": [
        "https:\/\/drive.google.com\/file\/d\/1simqYHquK5gBg2mk4WxJe1hggvpQpvje\/view"
    ],
    "dc1_unused_cb_img": [
        "https:\/\/drive.google.com\/file\/d\/1zJPZ-HhCOthJGru0-wWXI7lXMAIsqsrg\/view"
    ],
    "dc2_unused_cb_img": [
        "https:\/\/drive.google.com\/file\/d\/1X0aMYuFifyGV1NFRrtt4ODHwAXG_yhKO\/view"
    ],
    "dc3_unused_cb_img": [
        "https:\/\/drive.google.com\/file\/d\/1uC7ADmXIM-nJyUZy8i5Ywdh_gDYobjun\/view"
    ],
    "space_for_additional_dc_power_img": [
        "https:\/\/drive.google.com\/file\/d\/127xy-FZRfC1456IJ56M3Bpf05OpFM6ej\/view"
    ],
    "can_install_outdoor_units_img": [
        "https:\/\/drive.google.com\/file\/d\/1S6GWeRAROaPUA4siSmCaP2wQv9TSeFja\/view"
    ],
    "outdoor_battery_rack_model_img": [
        "https:\/\/drive.google.com\/file\/d\/1XXZlXwJn-smY43ecXgn-fZyET6SFxvGZ\/view"
    ],
    "number_of_batteries_in_rack_img": [
        "https:\/\/drive.google.com\/file\/d\/1NJunaf7pIrz87EqEfMByoA2EfrwbzOZx\/view"
    ],
    "engine_generator_in_use_img": [
        "https:\/\/drive.google.com\/file\/d\/1GgWbl8JIWPGMKd7Pln8kWEqLpUuCJGuy\/view"
    ],
    "generator_type_in_use_img": [
        "https:\/\/drive.google.com\/file\/d\/1ABrRN97K6AwSXBhUQ1_eSmk5zbNYRknP\/view"
    ],
    "number_of_19_racks_img": [
        "https:\/\/drive.google.com\/file\/d\/12pdMFkLoznpz3EEz10CJ4fTXo9xiCxnd\/view"
    ],
    "has_space_for_additional_4g_bbu_img": [
        "https:\/\/drive.google.com\/file\/d\/1Vghz4_ca54LO3aHrCAyavlaafUt3Phvg\/view"
    ],
    "has_space_for_additional_19_racks_img": [
        "https:\/\/drive.google.com\/file\/d\/13Jcdggt3MSOxcrKMgg0NkReu-SUILdJV\/view"
    ],
    "number_of_dcdu_at_station_img": [
        "https:\/\/drive.google.com\/file\/d\/1Egl2a3XTAyPj9jYC4VsTNKB8Dw38eN08\/view"
    ],
    "has_space_for_additional_dcdu_img": [
        "https:\/\/drive.google.com\/file\/d\/1eSdsaQ1PmlIj2nNnJ-p3tBTz6UdTEQAx\/view"
    ],
    "created_at": "2024-12-01 05:07:56",
    "updated_at": "2024-12-01 05:07:56",
    "status": "updated"
}